tenure_category,employees,left_count,turnover_rate,avg_satisfaction,avg_monthly_hours,turnover_rate_pct
2 anios,3244,53,0.016337854500616523,0.697,200.1,1.63
3-4 anios,9000,2476,0.2751111111111111,0.581,197.1,27.51
5+ anios,2755,1042,0.3782214156079855,0.617,215.1,37.82
