workload_category,employees,left_count,turnover_rate,avg_satisfaction,avg_monthly_hours,turnover_rate_pct
Baja carga,3680,1326,0.36032608695652174,0.558,138.0,36.03
Carga media,7628,868,0.11379129522810698,0.667,200.1,11.38
Alta carga,3691,1377,0.37306962882687617,0.555,266.0,37.31
